<server description="Seminarserver">

    <!-- Enable features -->
    <featureManager>
        <feature>javaee-8.0</feature>
        <feature>localConnector-1.0</feature>
    </featureManager>

    <!-- To access this server from a remote client add a host attribute to the following element, e.g. host="*" -->
    <httpEndpoint httpPort="8080" httpsPort="8443" id="defaultHttpEndpoint"/>

    <!-- Automatically expand WAR files and EAR files -->
    <applicationManager autoExpand="true"/>

    <!-- Register default datasource -->
  	<dataSource id="DefaultDataSource">
		<jdbcDriver javax.sql.ConnectionPoolDataSource="org.h2.jdbcx.JdbcDataSource" javax.sql.DataSource="org.h2.jdbcx.JdbcDataSource" javax.sql.XADataSource="org.h2.jdbcx.JdbcDataSource" libraryRef="SharedLibrary_H2"/>
		<properties URL="jdbc:h2:mem:test;DB_CLOSE_DELAY=-1;DB_CLOSE_ON_EXIT=FALSE" password="sa" user="sa"/>
	</dataSource>

    <!-- Register seminar datasource -->
	<dataSource id="seminar" jndiName="jdbc/seminar" type="javax.sql.ConnectionPoolDataSource">
		<jdbcDriver javax.sql.ConnectionPoolDataSource="org.h2.jdbcx.JdbcDataSource" javax.sql.DataSource="org.h2.jdbcx.JdbcDataSource" javax.sql.XADataSource="org.h2.jdbcx.JdbcDataSource" libraryRef="SharedLibrary_H2"/>
		<properties URL="jdbc:h2:~/h2/seminar;AUTO_SERVER=TRUE" password="seminar" user="seminar"/>
	</dataSource>
  
  	<library id="SharedLibrary_H2">
		<fileset dir="${shared.resource.dir}/h2" id="Fileset_H2"/>
	</library>

	<!-- Basic security realm -->
    <keyStore id="defaultKeyStore" password="store_123"/>
    <basicRegistry id="basic" realm="BasicRealm">
        <user name="admin" password="{xor}PjsyNjEAbm1s"/>
    </basicRegistry>

    <!-- Loggin configuration -->
	<logging consoleLogLevel="INFO" isoDateFormat="true" traceSpecification="*=warning:de.gedoplan=finest"/>

    <applicationMonitor updateTrigger="mbean"/>

    <!-- Enable batch operations for everybody -->
    <authorization-roles id="com.ibm.ws.batch">
        <security-role name="batchAdmin">
            <special-subject type="EVERYONE"/>
        </security-role>
        <security-role name="batchSubmitter">
            <special-subject type="EVERYONE"/>
        </security-role>
        <security-role name="batchMonitor">
            <special-subject type="EVERYONE"/>
        </security-role>
    </authorization-roles>
</server>