<?xml version="1.0" ?>

<installation xmlns="urn:jboss:galleon:provisioning:3.0">
    <feature-pack location="wildfly@maven(org.jboss.universe:community-universe):current#19.0.0.Final">
        <default-configs inherit="false"/>
        <packages inherit="false"/>
    </feature-pack>
    <feature-pack location="org.wildfly:wildfly-datasources-galleon-pack:1.0.0.Final">
        <default-configs inherit="false"/>
        <packages inherit="false"/>
    </feature-pack>
    <config model="standalone" name="standalone.xml">
        <feature spec="subsystem.datasources">
            <feature spec="subsystem.datasources.data-source">
                <param name="data-source" value="exercise-h2"/>
                <param name="enabled" value="true"/>
                <param name="use-java-context" value="true"/>
                <param name="jndi-name" value="java:jboss/datasources/exerciseH2"/>
                <param name="connection-url" value="jdbc:h2:~/seminar/rest-exercise-db"/>
                <param name="driver-name" value="h2"/>
                <param name="user-name" value="sa"/>
                <param name="password" value="sa"/>
            </feature>
        </feature>
        <feature spec="subsystem.ee">
            <param name="spec-descriptor-property-replacement" value="true"/>
            <param name="jboss-descriptor-property-replacement" value="true"/> 
        </feature>
        <feature spec="subsystem.microprofile-health-smallrye">
            <param name="empty-liveness-checks-status" value="DOWN"/>
            <param name="empty-readiness-checks-status" value="DOWN"/> 
        </feature>
        <layers>
            <include name="cloud-profile"/>
            <include name="h2-default-datasource"/>
            <include name="mysql-driver"/>
            <include name="mysql-datasource"/>
        </layers>
    </config>
    <options>
        <option name="optional-packages" value="passive+"/>
    </options>
</installation>
